--VIAJES
INSERT INTO `viaje`(`COD_VIA`, `FECHA_VIA`, `HORA_VIA`, `DURACION`, `BUS`, `DESTINO`, `ORIGEN`, `PRECIO_BASE`) VALUES
('VIA021', '2024-07-19', '08:00:00', '02:30:00', 'ABC123', 'AREQUI', 'LIMA', 50.00), 
('VIA022', '2024-07-20', '09:00:00', '03:15:00', 'DEF456', 'CAMANA', 'LIMA', 55.00), 
('VIA023', '2024-07-21', '10:00:00', '04:00:00', 'GHI789', 'CHICLA', 'LIMA', 60.00), 
('VIA024', '2024-07-22', '11:00:00', '01:45:00', 'JKL012', 'CHIMBO', 'LIMA', 65.00), 
('VIA025', '2024-07-23', '12:00:00', '02:30:00', 'MNO345', 'HUARME', 'LIMA', 70.00), 
('VIA026', '2024-07-24', '13:00:00', '03:15:00', 'ABC123', 'ICA', 'LIMA', 75.00), 
('VIA027', '2024-07-25', '14:00:00', '04:00:00', 'DEF456', 'LIMA', 'TRUJIL', 80.00), 
('VIA028', '2024-07-26', '15:00:00', '01:45:00', 'GHI789', 'TRUJIL', 'LIMA', 85.00), 
('VIA029', '2024-07-27', '16:00:00', '02:30:00', 'JKL012', 'AREQUI', 'LIMA', 90.00), 
('VIA030', '2024-07-28', '17:00:00', '03:15:00', 'MNO345', 'CAMANA', 'LIMA', 95.00), 
('VIA031', '2024-07-29', '18:00:00', '04:00:00', 'ABC123', 'CHICLA', 'LIMA', 100.00), 
('VIA032', '2024-07-30', '19:00:00', '01:45:00', 'DEF456', 'CHIMBO', 'LIMA', 105.00), 
('VIA033', '2024-07-31', '20:00:00', '02:30:00', 'GHI789', 'HUARME', 'LIMA', 110.00), 
('VIA034', '2024-08-01', '21:00:00', '03:15:00', 'JKL012', 'ICA', 'LIMA', 115.00), 
('VIA035', '2024-08-02', '22:00:00', '04:00:00', 'MNO345', 'LIMA', 'TRUJIL', 120.00), 
('VIA036', '2024-08-03', '23:00:00', '01:45:00', 'ABC123', 'TRUJIL', 'LIMA', 125.00), 
('VIA037', '2024-08-04', '08:00:00', '02:30:00', 'DEF456', 'AREQUI', 'LIMA', 130.00), 
('VIA038', '2024-08-05', '09:00:00', '03:15:00', 'GHI789', 'CAMANA', 'LIMA', 135.00), 
('VIA039', '2024-08-06', '10:00:00', '04:00:00', 'JKL012', 'CHICLA', 'LIMA', 140.00), 
('VIA040', '2024-08-07', '11:00:00', '01:45:00', 'MNO345', 'CHIMBO', 'LIMA', 145.00);


-- USUARIO
INSERT INTO `usuario`(`COD_USER`, `NOMBRES`, `APELLIDOS`, `CORREO`, `PASSWORD`) VALUES
('US1004', 'Juan', 'Perez', 'juan.perez@example.com', 'Pass1234'), 
('US1005', 'Maria', 'Lopez', 'maria.lopez@example.com', 'Lopez1234'), 
('US1006', 'Carlos', 'Gomez', 'carlos.gomez@example.com', 'GoMez1234'), 
('US1007', 'Ana', 'Martinez', 'ana.martinez@example.com', 'Martinez1A'), 
('US1008', 'Luis', 'Hernandez', 'luis.hernandez@example.com', 'HerNandez2'), 
('US1009', 'Elena', 'Ruiz', 'elena.ruiz@example.com', 'Ruiz1234!'), 
('US1010', 'David', 'Ramirez', 'david.ramirez@example.com', 'Ramirez34$'), 
('US1011', 'Laura', 'Diaz', 'laura.diaz@example.com', 'DiazLa34#'), 
('US1012', 'Jose', 'Mendez', 'jose.mendez@example.com', 'Mendez12%'), 
('US1013', 'Sara', 'Vega', 'sara.vega@example.com', 'VegaSara12');

--RESERVA
INSERT INTO `reserva`(`COD_RESERVA`, `COD_VIA`, `COD_USER`, `ID_ASIENTO`, `ESTADO`) VALUES
('001', 'VIA001', 'US1004', 1, 'Reservado'), 
('002', 'VIA003', 'US1005', 2, 'Reservado'), 
('003', 'VIA005', 'US1006', 3, 'Reservado'), 
('004', 'VIA007', 'US1007', 4, 'Reservado'), 
('005', 'VIA009', 'US1008', 5, 'Reservado'), 
('006', 'VIA010', 'US1009', 6, 'Reservado'), 
('007', 'VIA011', 'US1010', 7, 'Reservado'), 
('008', 'VIA012', 'US1011', 8, 'Reservado'), 
('009', 'VIA013', 'US1012', 9, 'Reservado'), 
('010', 'VIA014', 'US1013', 10, 'Reservado'),
('011', 'VIA015', 'US1004', 11, 'Reservado'), 
('012', 'VIA016', 'US1005', 12, 'Reservado'), 
('013', 'VIA017', 'US1006', 13, 'Reservado'), 
('014', 'VIA018', 'US1007', 14, 'Reservado'), 
('015', 'VIA019', 'US1008', 15, 'Reservado'), 
('016', 'VIA020', 'US1009', 16, 'Reservado'), 
('017', 'VIA002', 'US1010', 17, 'Reservado'), 
('018', 'VIA004', 'US1011', 18, 'Reservado'), 
('019', 'VIA006', 'US1012', 19, 'Reservado'), 
('020', 'VIA008', 'US1013', 20, 'Reservado'), 
('021', 'VIA001', 'US1004', 21, 'Reservado'), 
('022', 'VIA003', 'US1005', 22, 'Reservado'), 
('023', 'VIA005', 'US1006', 23, 'Reservado'), 
('024', 'VIA007', 'US1007', 24, 'Reservado'), 
('025', 'VIA009', 'US1008', 25, 'Reservado'), 
('026', 'VIA010', 'US1009', 26, 'Reservado'), 
('027', 'VIA011', 'US1010', 27, 'Reservado'), 
('028', 'VIA012', 'US1011', 28, 'Reservado'), 
('029', 'VIA013', 'US1012', 29, 'Reservado'), 
('030', 'VIA014', 'US1013', 30, 'Reservado'), 
('031', 'VIA015', 'US1004', 31, 'Pagado'), 
('032', 'VIA016', 'US1005', 32, 'Pagado'), 
('033', 'VIA017', 'US1006', 33, 'Pagado'), 
('034', 'VIA018', 'US1007', 34, 'Pagado'), 
('035', 'VIA019', 'US1008', 35, 'Pagado'), 
('036', 'VIA020', 'US1009', 36, 'Pagado'), 
('037', 'VIA002', 'US1010', 37, 'Pagado'), 
('038', 'VIA004', 'US1011', 38, 'Pagado'), 
('039', 'VIA006', 'US1012', 39, 'Pagado'), 
('040', 'VIA008', 'US1013', 40, 'Pagado'), 
('041', 'VIA001', 'US1004', 41, 'Pagado'), 
('042', 'VIA003', 'US1005', 42, 'Pagado'), 
('043', 'VIA005', 'US1006', 43, 'Pagado'), 
('044', 'VIA007', 'US1007', 44, 'Pagado'), 
('045', 'VIA009', 'US1008', 45, 'Pagado'), 
('046', 'VIA010', 'US1009', 46, 'Pagado'), 
('047', 'VIA011', 'US1010', 47, 'Pagado'), 
('048', 'VIA012', 'US1011', 48, 'Pagado'), 
('049', 'VIA013', 'US1012', 49, 'Pagado'), 
('050', 'VIA014', 'US1013', 50, 'Pagado');

INSERT INTO`reserva`(`COD_RESERVA`, `COD_VIA`, `COD_USER`, `ID_ASIENTO`, `ESTADO`) VALUES
('51', 'VIA001', 'US1001', 1, 'Reservado'), 
('52', 'VIA002', 'US1002', 37, 'Reservado'), 
('53', 'VIA003', 'US1003', 2, 'Reservado'), 
('54', 'VIA004', 'US1004', 78, 'Reservado'), 
('55', 'VIA005', 'US1005', 3, 'Reservado'), 
('56', 'VIA006', 'US1006', 39, 'Reservado'), 
('57', 'VIA007', 'US1007', 4, 'Reservado'), 
('58', 'VIA008', 'US1008', 80, 'Reservado'), 
('59', 'VIA009', 'US1009', 5, 'Reservado'), 
('60', 'VIA010', 'US1010', 6, 'Reservado'), 
('61', 'VIA011', 'US1011', 7, 'Reservado'), 
('62', 'VIA012', 'US1012', 8, 'Reservado'), 
('63', 'VIA013', 'US1013', 9, 'Reservado'), 
('64', 'VIA014', 'US1001', 10, 'Reservado'), 
('65', 'VIA015', 'US1002', 11, 'Reservado'), 
('66', 'VIA016', 'US1003', 12, 'Reservado'), 
('67', 'VIA017', 'US1004', 13, 'Reservado'), 
('68', 'VIA018', 'US1005', 14, 'Reservado'), 
('69', 'VIA019', 'US1006', 15, 'Reservado'), 
('70', 'VIA020', 'US1007', 16, 'Reservado'), 
('71', 'VIA001', 'US1008', 17, 'Reservado'), 
('72', 'VIA002', 'US1009', 38, 'Reservado'), 
('73', 'VIA003', 'US1010', 18, 'Reservado'), 
('74', 'VIA004', 'US1011', 79, 'Reservado'), 
('75', 'VIA005', 'US1012', 19, 'Reservado'), 
('76', 'VIA006', 'US1013', 40, 'Reservado'), 
('77', 'VIA007', 'US1001', 20, 'Reservado'), 
('78', 'VIA008', 'US1002', 81, 'Reservado'), 
('79', 'VIA009', 'US1003', 21, 'Reservado'), 
('80', 'VIA010', 'US1004', 22, 'Reservado'), 
('81', 'VIA011', 'US1005', 23, 'Reservado'), 
('82', 'VIA012', 'US1006', 24, 'Reservado'), 
('83', 'VIA013', 'US1007', 25, 'Reservado'), 
('84', 'VIA014', 'US1008', 26, 'Reservado'), 
('85', 'VIA015', 'US1009', 27, 'Reservado'), 
('86', 'VIA016', 'US1010', 28, 'Reservado'), 
('87', 'VIA017', 'US1011', 29, 'Reservado'), 
('88', 'VIA018', 'US1012', 30, 'Reservado'), 
('89', 'VIA019', 'US1013', 31, 'Reservado'), 
('90', 'VIA020', 'US1001', 32, 'Reservado'), 
('91', 'VIA001', 'US1002', 33, 'Reservado'), 
('92', 'VIA002', 'US1003', 57, 'Reservado'), 
('93', 'VIA003', 'US1004', 34, 'Reservado'), 
('94', 'VIA004', 'US1005', 78, 'Reservado'), 
('95', 'VIA005', 'US1006', 35, 'Reservado'), 
('96', 'VIA006', 'US1007', 59, 'Reservado'), 
('97', 'VIA007', 'US1008', 36, 'Reservado'), 
('98', 'VIA008', 'US1009', 80, 'Reservado'), 
('99', 'VIA009', 'US1010', 37, 'Reservado'), 
('100', 'VIA010', 'US1011', 38, 'Reservado'),
('101', 'VIA011', 'US1012', 39, 'Reservado'), 
('102', 'VIA012', 'US1013', 40, 'Reservado'), 
('103', 'VIA013', 'US1001', 41, 'Reservado'), 
('104', 'VIA014', 'US1002', 42, 'Reservado'), 
('105', 'VIA015', 'US1003', 43, 'Reservado'), 
('106', 'VIA016', 'US1004', 44, 'Reservado'), 
('107', 'VIA017', 'US1005', 45, 'Reservado'), 
('108', 'VIA018', 'US1006', 46, 'Reservado'), 
('109', 'VIA019', 'US1007', 47, 'Reservado'), 
('110', 'VIA020', 'US1008', 48, 'Reservado'), 
('111', 'VIA001', 'US1009', 49, 'Reservado'), 
('112', 'VIA002', 'US1010', 59, 'Reservado'), 
('113', 'VIA003', 'US1011', 50, 'Reservado'), 
('114', 'VIA004', 'US1012', 80, 'Reservado'), 
('115', 'VIA005', 'US1013', 51, 'Reservado'), 
('116', 'VIA006', 'US1001', 79, 'Reservado'), 
('117', 'VIA007', 'US1002', 52, 'Reservado'), 
('118', 'VIA008', 'US1003', 81, 'Reservado'), 
('119', 'VIA009', 'US1004', 53, 'Reservado'), 
('120', 'VIA010', 'US1005', 54, 'Reservado'), 
('121', 'VIA011', 'US1006', 55, 'Reservado'), 
('122', 'VIA012', 'US1007', 56, 'Reservado'), 
('123', 'VIA013', 'US1008', 57, 'Reservado'), 
('124', 'VIA014', 'US1009', 58, 'Reservado'), 
('125', 'VIA015', 'US1010', 59, 'Reservado'), 
('126', 'VIA016', 'US1011', 60, 'Reservado'), 
('127', 'VIA017', 'US1012', 61, 'Reservado'), 
('128', 'VIA018', 'US1013', 62, 'Reservado'), 
('129', 'VIA019', 'US1001', 63, 'Reservado'), 
('130', 'VIA020', 'US1002', 64, 'Reservado'), 
('131', 'VIA001', 'US1003', 65, 'Reservado'), 
('132', 'VIA002', 'US1004', 61, 'Reservado'), 
('133', 'VIA003', 'US1005', 66, 'Reservado'), 
('134', 'VIA004', 'US1006', 82, 'Reservado'), 
('135', 'VIA005', 'US1007', 67, 'Reservado'), 
('136', 'VIA006', 'US1008', 63, 'Reservado'), 
('137', 'VIA007', 'US1009', 68, 'Reservado'), 
('138', 'VIA008', 'US1010', 83, 'Reservado'), 
('139', 'VIA009', 'US1011', 69, 'Reservado'), 
('140', 'VIA010', 'US1012', 70, 'Reservado'), 
('141', 'VIA011', 'US1013', 71, 'Reservado'), 
('142', 'VIA012', 'US1001', 72, 'Reservado'), 
('143', 'VIA013', 'US1002', 73, 'Reservado'), 
('144', 'VIA014', 'US1003', 74, 'Reservado'), 
('145', 'VIA015', 'US1004', 75, 'Reservado'), 
('146', 'VIA016', 'US1005', 76, 'Reservado'), 
('147', 'VIA017', 'US1006', 77, 'Reservado'), 
('148', 'VIA018', 'US1007', 78, 'Reservado'), 
('149', 'VIA019', 'US1008', 79, 'Reservado'), 
('150', 'VIA020', 'US1009', 80, 'Reservado');


--VENTA
INSERT INTO `venta`(`COD_VENTA`, `COD_RESERVA`, `FECHA_VENTA`, `MONTO_TOTAL`, `ESTADO_PAGO`) VALUES
('001', '031', '2024-07-05', 110.00, 'Pendiente'),
('002', '032', '2024-07-06', 130.00, 'Pendiente'),
('003', '033', '2024-07-07', 130.00, 'Pendiente'),
('004', '034', '2024-07-08', 130.00, 'Pendiente'),
('005', '035', '2024-07-09', 130.00, 'Pendiente'),
('006', '036', '2024-07-10', 130.00, 'Pendiente'),
('007', '037', '2024-07-11', 106.00, 'Pendiente'),
('008', '038', '2024-07-05', 118.00, 'Pendiente'),
('009', '039', '2024-07-06', 142.00, 'Pendiente'),
('010', '040', '2024-07-07', 178.00, 'Pendiente'),
('011', '041', '2024-07-08', 110.00, 'Pendiente'),
('012', '042', '2024-07-09', 130.00, 'Pendiente'),
('013', '043', '2024-07-10', 160.00, 'Pendiente'),
('014', '044', '2024-07-11', 140.00, 'Pendiente'),
('015', '045', '2024-07-05', 130.00, 'Pendiente'),
('016', '046', '2024-07-06', 130.00, 'Pendiente'),
('017', '047', '2024-07-07', 130.00, 'Pendiente'),
('018', '048', '2024-07-08', 130.00, 'Pendiente'),
('019', '049', '2024-07-09', 130.00, 'Pendiente'),
('020', '050', '2024-07-10', 130.00, 'Pendiente');
('021', '001', '2024-07-05', 110.00, 'Pendiente'),
('022', '002', '2024-07-06', 130.00, 'Pendiente'),
('023', '003', '2024-07-07', 130.00, 'Pendiente'),
('024', '004', '2024-07-08', 130.00, 'Pendiente'),
('025', '005', '2024-07-09', 130.00, 'Pendiente'),
('026', '006', '2024-07-10', 130.00, 'Pendiente'),
('027', '007', '2024-07-11', 130.00, 'Pendiente'),
('028', '008', '2024-07-05', 130.00, 'Pendiente'),
('029', '009', '2024-07-06', 130.00, 'Pendiente'),
('030', '010', '2024-07-07', 130.00, 'Pendiente'),
('031', '011', '2024-07-08', 130.00, 'Pagado'),
('032', '012', '2024-07-09', 130.00, 'Pagado'),
('033', '013', '2024-07-10', 130.00, 'Pagado'),
('034', '014', '2024-07-11', 130.00, 'Pagado'),
('035', '015', '2024-07-05', 130.00, 'Pagado'),
('036', '016', '2024-07-06', 130.00, 'Pagado'),
('037', '017', '2024-07-07', 130.00, 'Pagado'),
('038', '018', '2024-07-08', 130.00, 'Pagado'),
('039', '019', '2024-07-09', 130.00, 'Pagado'),
('040', '020', '2024-07-10', 130.00, 'Pagado'),
('041', '021', '2024-07-11', 106.00, 'Pagado'),
('042', '022', '2024-07-05', 118.00, 'Pagado'),
('043', '023', '2024-07-06', 142.00, 'Pagado'),
('044', '024', '2024-07-07', 178.00, 'Pagado'),
('045', '025', '2024-07-08', 110.00, 'Pagado'),
('046', '026', '2024-07-09', 130.00, 'Pagado'),
('047', '027', '2024-07-10', 130.00, 'Pagado'),
('048', '028', '2024-07-11', 130.00, 'Pagado'),
('049', '029', '2024-07-05', 130.00, 'Pagado'),
('050', '030', '2024-07-06', 130.00, 'Pagado');
INSERT INTO`venta`(`COD_VENTA`, `COD_RESERVA`, `FECHA_VENTA`, `MONTO_TOTAL`, `ESTADO_PAGO`) VALUES
(51, 51, '2024-02-01', 110.00, 'Pendiente'), 
(52, 52, '2024-02-05', 130.00, 'Pendiente'), 
(53, 53, '2024-02-08', 160.00, 'Pendiente'), 
(54, 54, '2024-02-12', 140.00, 'Pendiente'), 
(55, 55, '2024-02-15', 130.00, 'Pendiente'), 
(56, 56, '2024-02-18', 130.00, 'Pendiente'), 
(57, 57, '2024-02-22', 130.00, 'Pendiente'), 
(58, 58, '2024-02-25', 130.00, 'Pendiente'), 
(59, 59, '2024-02-28', 130.00, 'Pendiente'), 
(60, 60, '2024-02-03', 130.00, 'Pendiente'); 
-- Ventas para marzo
INSERT INTO`venta`(`COD_VENTA`, `COD_RESERVA`, `FECHA_VENTA`, `MONTO_TOTAL`, `ESTADO_PAGO`) VALUES
(61, 61, '2024-03-02', 110.00, 'Pendiente'), 
(62, 62, '2024-03-06', 130.00, 'Pendiente'), 
(63, 63, '2024-03-09', 160.00, 'Pendiente'), 
(64, 64, '2024-03-13', 140.00, 'Pendiente'), 
(65, 65, '2024-03-16', 130.00, 'Pendiente'), 
(66, 66, '2024-03-19', 130.00, 'Pendiente'), 
(67, 67, '2024-03-23', 130.00, 'Pendiente'), 
(68, 68, '2024-03-26', 130.00, 'Pendiente'), 
(69, 69, '2024-03-29', 130.00, 'Pendiente'), 
(70, 70, '2024-03-01', 130.00, 'Pendiente'), 
(71, 71, '2024-03-04', 130.00, 'Pendiente'), 
(72, 72, '2024-03-07', 130.00, 'Pendiente'), 
(73, 73, '2024-03-10', 130.00, 'Pendiente'), 
(74, 74, '2024-03-14', 130.00, 'Pendiente'), 
(75, 75, '2024-03-17', 130.00, 'Pendiente'), 
(76, 76, '2024-03-20', 130.00, 'Pendiente'), 
(77, 77, '2024-03-24', 130.00, 'Pendiente'), 
(78, 78, '2024-03-27', 130.00, 'Pendiente'), 
(79, 79, '2024-03-30', 130.00, 'Pendiente'), 
(80, 80, '2024-03-05', 130.00, 'Pendiente'); 
-- Ventas para abril
INSERT INTO`venta`(`COD_VENTA`, `COD_RESERVA`, `FECHA_VENTA`, `MONTO_TOTAL`, `ESTADO_PAGO`) VALUES
(81, 81, '2024-04-02', 110.00, 'Pendiente'), 
(82, 82, '2024-04-06', 130.00, 'Pendiente'), 
(83, 83, '2024-04-09', 160.00, 'Pendiente'), 
(84, 84, '2024-04-13', 140.00, 'Pendiente'), 
(85, 85, '2024-04-16', 130.00, 'Pendiente'), 
(86, 86, '2024-04-19', 130.00, 'Pendiente'), 
(87, 87, '2024-04-23', 130.00, 'Pendiente'), 
(88, 88, '2024-04-26', 130.00, 'Pendiente'), 
(89, 89, '2024-04-29', 130.00, 'Pendiente'), 
(90, 90, '2024-04-01', 130.00, 'Pendiente'), 
(91, 91, '2024-04-04', 130.00, 'Pendiente'), 
(92, 92, '2024-04-07', 130.00, 'Pendiente'), 
(93, 93, '2024-04-10', 130.00, 'Pendiente'), 
(94, 94, '2024-04-14', 130.00, 'Pendiente'), 
(95, 95, '2024-04-17', 130.00, 'Pendiente'), 
(96, 96, '2024-04-20', 130.00, 'Pendiente'), 
(97, 97, '2024-04-24', 130.00, 'Pendiente'), 
(98, 98, '2024-04-27', 130.00, 'Pendiente'), 
(99, 99, '2024-04-30', 130.00, 'Pendiente'), 
(100, 100, '2024-04-05', 130.00, 'Pendiente'); 
-- Ventas para mayo
INSERT INTO`venta`(`COD_VENTA`, `COD_RESERVA`, `FECHA_VENTA`, `MONTO_TOTAL`, `ESTADO_PAGO`) VALUES
(101, 101, '2024-05-02', 110.00, 'Pendiente'), 
(102, 102, '2024-05-06', 130.00, 'Pendiente'), 
(103, 103, '2024-05-09', 160.00, 'Pendiente'), 
(104, 104, '2024-05-13', 140.00, 'Pendiente'), 
(105, 105, '2024-05-16', 130.00, 'Pendiente'), 
(106, 106, '2024-05-19', 130.00, 'Pendiente'), 
(107, 107, '2024-05-23', 130.00, 'Pendiente'), 
(108, 108, '2024-05-26', 130.00, 'Pendiente'), 
(109, 109, '2024-05-29', 130.00, 'Pendiente'), 
(110, 110, '2024-05-01', 130.00, 'Pendiente'), 
(111, 111, '2024-05-04', 130.00, 'Pendiente'), 
(112, 112, '2024-05-07', 130.00, 'Pendiente'), 
(113, 113, '2024-05-10', 130.00, 'Pendiente'), 
(114, 114, '2024-05-14', 130.00, 'Pendiente'), 
(115, 115, '2024-05-17', 130.00, 'Pendiente'), 
(116, 116, '2024-05-20', 130.00, 'Pendiente'), 
(117, 117, '2024-05-24', 130.00, 'Pendiente'), 
(118, 118, '2024-05-27', 130.00, 'Pendiente'), 
(119, 119, '2024-05-30', 130.00, 'Pendiente'), 
(120, 120, '2024-05-05', 130.00, 'Pendiente'), 
(121, 121, '2024-05-08', 130.00, 'Pendiente'), 
(122, 122, '2024-05-11', 130.00, 'Pendiente'), 
(123, 123, '2024-05-15', 130.00, 'Pendiente'), 
(124, 124, '2024-05-18', 130.00, 'Pendiente'), 
(125, 125, '2024-05-21', 130.00, 'Pendiente'); 
-- Ventas para junio
INSERT INTO`venta`(`COD_VENTA`, `COD_RESERVA`, `FECHA_VENTA`, `MONTO_TOTAL`, `ESTADO_PAGO`) VALUES
(126, 126, '2024-06-02', 110.00, 'Pendiente'), 
(127, 127, '2024-06-06', 130.00, 'Pendiente'), 
(128, 128, '2024-06-09', 160.00, 'Pendiente'), 
(129, 129, '2024-06-13', 140.00, 'Pendiente'), 
(130, 130, '2024-06-16', 130.00, 'Pendiente'), 
(131, 131, '2024-06-19', 130.00, 'Pendiente'), 
(132, 132, '2024-06-23', 130.00, 'Pendiente'), 
(133, 133, '2024-06-26', 130.00, 'Pendiente'), 
(134, 134, '2024-06-29', 130.00, 'Pendiente'), 
(135, 135, '2024-06-01', 130.00, 'Pendiente'), 
(136, 136, '2024-06-04', 130.00, 'Pendiente'), 
(137, 137, '2024-06-07', 130.00, 'Pendiente'), 
(138, 138, '2024-06-10', 130.00, 'Pendiente'), 
(139, 139, '2024-06-14', 130.00, 'Pendiente'), 
(140, 140, '2024-06-17', 130.00, 'Pendiente'), 
(141, 141, '2024-06-20', 130.00, 'Pendiente'), 
(142, 142, '2024-06-24', 130.00, 'Pendiente'), 
(143, 143, '2024-06-27', 130.00, 'Pendiente'), 
(144, 144, '2024-06-30', 130.00, 'Pendiente'), 
(145, 145, '2024-06-03', 130.00, 'Pendiente'), 
(146, 146, '2024-06-05', 130.00, 'Pendiente'), 
(147, 147, '2024-06-08', 130.00, 'Pendiente'), 
(148, 148, '2024-06-11', 130.00, 'Pendiente'), 
(149, 149, '2024-06-15', 130.00, 'Pendiente'), 
(150, 150, '2024-06-18', 130.00, 'Pendiente');
